Feature,Coef,P-value,-log10p
ln3,-0.01152,4.86E-60,59.31368
cs3,0.009677,3.36E-119,118.4739
exp,0.018357,0,140
#site_m,0.094099,0,140
#endo_m,-0.00423,2.70E-05,4.568619
#site_s,-0.0043,5.06E-31,30.29572
p_ma,0.000495,0.348526,0.457764
e_oe,0.004469,4.56E-37,36.34077
