Experiment,High,Med,Low
Grimson,4.84E-27**,1.60E-05**,1
Linsley,1.44E-115**,0.8724,1
Lim,0.001451**,0.3292,1
Jackson,4.49E-14**,0.01002*,1
Baek,0.1548,0.9116,0.283
Selbach,0.7002,0.1597,0.8271
Baek MA,0.005732*,0.04945*,1
Selbach MA,0.001856*,0.0005601**,1
Selbach LNA,0.4183,0.6502,0.3786
Linsley OME,5.89E-08**,0.8315,1
