Feature,Coef,Pvalue,-log10p
ln3,-0.00641,3.80E-20,19.42014
cs3,0.004361,1.15E-25,24.93794
exp,0.018288,0,140
#site_m,0.012595,1.04E-06,5.98222
#endo_m,-0.00441,8.56E-06,5.06752
#site_s,-0.00574,1.47E-55,54.83402
p_ma,0.001759,0.000711,3.147907
e_oe,0.004158,2.35E-33,32.62969
ts_score,0.076813,0,140
