Experiment,High,Medium,Low,NoConsv
Grimson,3.18E-91**,1.73E-05**,1,1
Linsley,1.54E-140**,9.71E-09**,1,1
Lim,0.9605,1,0.7262,1.68E-12**
Jackson,2.00E-14**,0.442,0.9999,0.9971
Baek,0.4501,0.06762,0.9964,0.1565
Selbach,0.04254*,0.7226,0.5001,0.8695
Baek MA,0.5789,0.9598,0.8468,0.003194*
Selbach MA,6.11E-11**,0.003409*,1,0.9809
Selbach LNA,0.07027,0.9596,0.02426*,0.9181
Linsley OME,0.9973,0.09355,0.2657,0.2918
