Experiment,High,Medium,Low,NoConsv
Grimson,5.73E-92**,8.36E-07**,0.9862,0.9883
Linsley,4.24E-128**,2.31E-13**,0.9771,0.9449
Lim,0.01429*,0.9909,0.5264,9.28E-18**
Jackson,8.90E-21**,0.01791*,0.5197,0.1588
Baek,0.3584,0.04377*,0.9078,0.3234
Selbach,0.07206,0.9122,0.6764,0.9017
Baek MA,0.503,0.9653,0.8533,0.002383*
Selbach MA,1.01E-09**,0.001672*,1,0.479
Selbach LNA,0.02364*,0.9725,0.08733,0.8624
Linsley OME,0.9865,0.05635,0.358,0.05104
